profilepicture,name
https://airbnbfec.s3-us-west-1.amazonaws.com/1/19.webp,Rebecca
https://airbnbfec.s3-us-west-1.amazonaws.com/1/7.webp,Sarah
https://airbnbfec.s3-us-west-1.amazonaws.com/1/23.webp,Jessie
https://airbnbfec.s3-us-west-1.amazonaws.com/0/35.webp,Bryant
https://airbnbfec.s3-us-west-1.amazonaws.com/0/32.webp,Casey
https://airbnbfec.s3-us-west-1.amazonaws.com/0/25.webp,Garry
https://airbnbfec.s3-us-west-1.amazonaws.com/0/7.webp,Alan
https://airbnbfec.s3-us-west-1.amazonaws.com/0/8.webp,Clifton
https://airbnbfec.s3-us-west-1.amazonaws.com/1/22.webp,Erin
https://airbnbfec.s3-us-west-1.amazonaws.com/0/9.webp,Sean
https://airbnbfec.s3-us-west-1.amazonaws.com/1/8.webp,Tonya
https://airbnbfec.s3-us-west-1.amazonaws.com/0/5.webp,Leonard
https://airbnbfec.s3-us-west-1.amazonaws.com/1/8.webp,Willie
https://airbnbfec.s3-us-west-1.amazonaws.com/0/26.webp,Gregory
https://airbnbfec.s3-us-west-1.amazonaws.com/1/21.webp,Madeline
https://airbnbfec.s3-us-west-1.amazonaws.com/1/26.webp,Anna
https://airbnbfec.s3-us-west-1.amazonaws.com/0/3.webp,Cecil
https://airbnbfec.s3-us-west-1.amazonaws.com/0/21.webp,Andy
https://airbnbfec.s3-us-west-1.amazonaws.com/1/15.webp,Ella
https://airbnbfec.s3-us-west-1.amazonaws.com/1/3.webp,Lois
https://airbnbfec.s3-us-west-1.amazonaws.com/1/34.webp,Regina
https://airbnbfec.s3-us-west-1.amazonaws.com/0/38.webp,Brian
https://airbnbfec.s3-us-west-1.amazonaws.com/1/29.webp,Dianne
https://airbnbfec.s3-us-west-1.amazonaws.com/1/21.webp,Hannah
https://airbnbfec.s3-us-west-1.amazonaws.com/1/15.webp,Cora
https://airbnbfec.s3-us-west-1.amazonaws.com/1/18.webp,Leona
https://airbnbfec.s3-us-west-1.amazonaws.com/0/5.webp,Julius
https://airbnbfec.s3-us-west-1.amazonaws.com/0/37.webp,Anthony
https://airbnbfec.s3-us-west-1.amazonaws.com/0/33.webp,Danny
https://airbnbfec.s3-us-west-1.amazonaws.com/0/21.webp,Frankie
https://airbnbfec.s3-us-west-1.amazonaws.com/1/12.webp,Melody
https://airbnbfec.s3-us-west-1.amazonaws.com/0/39.webp,Oliver
https://airbnbfec.s3-us-west-1.amazonaws.com/1/31.webp,Rose
https://airbnbfec.s3-us-west-1.amazonaws.com/1/14.webp,Daisy
https://airbnbfec.s3-us-west-1.amazonaws.com/1/28.webp,Frances
https://airbnbfec.s3-us-west-1.amazonaws.com/1/16.webp,Rita
https://airbnbfec.s3-us-west-1.amazonaws.com/1/30.webp,Tiffany
https://airbnbfec.s3-us-west-1.amazonaws.com/1/29.webp,Hattie
https://airbnbfec.s3-us-west-1.amazonaws.com/1/9.webp,Rosie
https://airbnbfec.s3-us-west-1.amazonaws.com/1/24.webp,Lillie
https://airbnbfec.s3-us-west-1.amazonaws.com/1/9.webp,Connie
https://airbnbfec.s3-us-west-1.amazonaws.com/0/11.webp,Jaime
https://airbnbfec.s3-us-west-1.amazonaws.com/1/40.webp,Lucy
https://airbnbfec.s3-us-west-1.amazonaws.com/1/33.webp,Deborah
https://airbnbfec.s3-us-west-1.amazonaws.com/0/35.webp,Alonzo
https://airbnbfec.s3-us-west-1.amazonaws.com/0/12.webp,Allan
https://airbnbfec.s3-us-west-1.amazonaws.com/0/2.webp,Daniel
https://airbnbfec.s3-us-west-1.amazonaws.com/0/21.webp,Daryl
https://airbnbfec.s3-us-west-1.amazonaws.com/0/13.webp,Harvey
https://airbnbfec.s3-us-west-1.amazonaws.com/1/32.webp,Heidi
https://airbnbfec.s3-us-west-1.amazonaws.com/1/19.webp,Phyllis
https://airbnbfec.s3-us-west-1.amazonaws.com/0/35.webp,Nicolas
https://airbnbfec.s3-us-west-1.amazonaws.com/0/9.webp,Colin
https://airbnbfec.s3-us-west-1.amazonaws.com/0/31.webp,Nathan
https://airbnbfec.s3-us-west-1.amazonaws.com/1/10.webp,Gail
https://airbnbfec.s3-us-west-1.amazonaws.com/1/40.webp,Michelle
https://airbnbfec.s3-us-west-1.amazonaws.com/1/23.webp,Jill
https://airbnbfec.s3-us-west-1.amazonaws.com/1/4.webp,Leigh
https://airbnbfec.s3-us-west-1.amazonaws.com/1/39.webp,Joanne
https://airbnbfec.s3-us-west-1.amazonaws.com/1/6.webp,Lisa
https://airbnbfec.s3-us-west-1.amazonaws.com/0/33.webp,Horace
https://airbnbfec.s3-us-west-1.amazonaws.com/0/18.webp,Kirk
https://airbnbfec.s3-us-west-1.amazonaws.com/1/14.webp,Norma
https://airbnbfec.s3-us-west-1.amazonaws.com/0/28.webp,Kelvin
https://airbnbfec.s3-us-west-1.amazonaws.com/1/20.webp,Leslie
https://airbnbfec.s3-us-west-1.amazonaws.com/0/24.webp,Brad
https://airbnbfec.s3-us-west-1.amazonaws.com/1/18.webp,Eloise
https://airbnbfec.s3-us-west-1.amazonaws.com/1/22.webp,Delia
https://airbnbfec.s3-us-west-1.amazonaws.com/1/13.webp,Allison
https://airbnbfec.s3-us-west-1.amazonaws.com/1/24.webp,Lena
https://airbnbfec.s3-us-west-1.amazonaws.com/1/30.webp,Francis
https://airbnbfec.s3-us-west-1.amazonaws.com/0/1.webp,Nelson
https://airbnbfec.s3-us-west-1.amazonaws.com/1/5.webp,Esther
https://airbnbfec.s3-us-west-1.amazonaws.com/1/29.webp,Heather
https://airbnbfec.s3-us-west-1.amazonaws.com/1/39.webp,Carmen
https://airbnbfec.s3-us-west-1.amazonaws.com/0/20.webp,Randy
https://airbnbfec.s3-us-west-1.amazonaws.com/1/18.webp,Judith
https://airbnbfec.s3-us-west-1.amazonaws.com/1/39.webp,Judith
https://airbnbfec.s3-us-west-1.amazonaws.com/1/7.webp,Colleen
https://airbnbfec.s3-us-west-1.amazonaws.com/1/21.webp,Nora
https://airbnbfec.s3-us-west-1.amazonaws.com/1/11.webp,Rebecca
https://airbnbfec.s3-us-west-1.amazonaws.com/1/19.webp,Emma
https://airbnbfec.s3-us-west-1.amazonaws.com/1/40.webp,Gina
https://airbnbfec.s3-us-west-1.amazonaws.com/0/31.webp,Zachary
https://airbnbfec.s3-us-west-1.amazonaws.com/1/24.webp,Ann
https://airbnbfec.s3-us-west-1.amazonaws.com/1/6.webp,Emily
https://airbnbfec.s3-us-west-1.amazonaws.com/0/23.webp,Travis
https://airbnbfec.s3-us-west-1.amazonaws.com/1/38.webp,Judith
https://airbnbfec.s3-us-west-1.amazonaws.com/0/33.webp,Ronald
https://airbnbfec.s3-us-west-1.amazonaws.com/1/6.webp,Lee
https://airbnbfec.s3-us-west-1.amazonaws.com/1/18.webp,Ruth
https://airbnbfec.s3-us-west-1.amazonaws.com/0/9.webp,Troy
https://airbnbfec.s3-us-west-1.amazonaws.com/0/35.webp,Lance
https://airbnbfec.s3-us-west-1.amazonaws.com/1/25.webp,Maria
https://airbnbfec.s3-us-west-1.amazonaws.com/0/2.webp,Benjamin
https://airbnbfec.s3-us-west-1.amazonaws.com/1/28.webp,Marianne
https://airbnbfec.s3-us-west-1.amazonaws.com/0/11.webp,David
https://airbnbfec.s3-us-west-1.amazonaws.com/1/33.webp,Hazel
https://airbnbfec.s3-us-west-1.amazonaws.com/1/1.webp,Fannie
https://airbnbfec.s3-us-west-1.amazonaws.com/0/26.webp,Dennis
https://airbnbfec.s3-us-west-1.amazonaws.com/0/24.webp,Cameron
https://airbnbfec.s3-us-west-1.amazonaws.com/1/7.webp,Patty
https://airbnbfec.s3-us-west-1.amazonaws.com/0/9.webp,Guillermo
https://airbnbfec.s3-us-west-1.amazonaws.com/0/7.webp,Joe
https://airbnbfec.s3-us-west-1.amazonaws.com/0/1.webp,Mitchell
https://airbnbfec.s3-us-west-1.amazonaws.com/0/34.webp,Marcus
https://airbnbfec.s3-us-west-1.amazonaws.com/0/34.webp,Darrin
https://airbnbfec.s3-us-west-1.amazonaws.com/1/17.webp,Bridget
https://airbnbfec.s3-us-west-1.amazonaws.com/1/32.webp,Veronica
https://airbnbfec.s3-us-west-1.amazonaws.com/0/23.webp,Sheldon
https://airbnbfec.s3-us-west-1.amazonaws.com/1/19.webp,Rita
https://airbnbfec.s3-us-west-1.amazonaws.com/0/12.webp,Duane
https://airbnbfec.s3-us-west-1.amazonaws.com/0/31.webp,Clinton
https://airbnbfec.s3-us-west-1.amazonaws.com/0/11.webp,Travis
https://airbnbfec.s3-us-west-1.amazonaws.com/1/1.webp,Teresa
https://airbnbfec.s3-us-west-1.amazonaws.com/0/10.webp,Armando
https://airbnbfec.s3-us-west-1.amazonaws.com/0/38.webp,Brandon
https://airbnbfec.s3-us-west-1.amazonaws.com/1/12.webp,Myrtle
https://airbnbfec.s3-us-west-1.amazonaws.com/0/22.webp,Grant
https://airbnbfec.s3-us-west-1.amazonaws.com/1/38.webp,Kari
https://airbnbfec.s3-us-west-1.amazonaws.com/0/17.webp,Guy
https://airbnbfec.s3-us-west-1.amazonaws.com/1/17.webp,Rachel
https://airbnbfec.s3-us-west-1.amazonaws.com/0/1.webp,Abel
https://airbnbfec.s3-us-west-1.amazonaws.com/1/32.webp,Delia
https://airbnbfec.s3-us-west-1.amazonaws.com/0/21.webp,Wallace
https://airbnbfec.s3-us-west-1.amazonaws.com/0/40.webp,Elias
https://airbnbfec.s3-us-west-1.amazonaws.com/1/19.webp,Blanca
https://airbnbfec.s3-us-west-1.amazonaws.com/0/28.webp,Rene
https://airbnbfec.s3-us-west-1.amazonaws.com/0/24.webp,Jimmy
https://airbnbfec.s3-us-west-1.amazonaws.com/1/23.webp,Brittany
https://airbnbfec.s3-us-west-1.amazonaws.com/1/18.webp,Becky
https://airbnbfec.s3-us-west-1.amazonaws.com/1/36.webp,Clara
https://airbnbfec.s3-us-west-1.amazonaws.com/0/18.webp,Jeff
https://airbnbfec.s3-us-west-1.amazonaws.com/0/9.webp,Shawn
https://airbnbfec.s3-us-west-1.amazonaws.com/0/37.webp,Jesus
https://airbnbfec.s3-us-west-1.amazonaws.com/1/32.webp,Tabitha
https://airbnbfec.s3-us-west-1.amazonaws.com/1/16.webp,Marie
https://airbnbfec.s3-us-west-1.amazonaws.com/0/18.webp,Arthur
https://airbnbfec.s3-us-west-1.amazonaws.com/0/31.webp,Bradford
https://airbnbfec.s3-us-west-1.amazonaws.com/1/14.webp,Erma
https://airbnbfec.s3-us-west-1.amazonaws.com/1/13.webp,Irene
https://airbnbfec.s3-us-west-1.amazonaws.com/0/31.webp,Cody
https://airbnbfec.s3-us-west-1.amazonaws.com/0/8.webp,Noel
https://airbnbfec.s3-us-west-1.amazonaws.com/1/14.webp,Celia
https://airbnbfec.s3-us-west-1.amazonaws.com/1/9.webp,Isabel
https://airbnbfec.s3-us-west-1.amazonaws.com/1/6.webp,Vicky
https://airbnbfec.s3-us-west-1.amazonaws.com/1/33.webp,Marion
https://airbnbfec.s3-us-west-1.amazonaws.com/1/35.webp,Antonia
https://airbnbfec.s3-us-west-1.amazonaws.com/1/22.webp,Alyssa
https://airbnbfec.s3-us-west-1.amazonaws.com/0/31.webp,Ismael
https://airbnbfec.s3-us-west-1.amazonaws.com/1/20.webp,Rachael
https://airbnbfec.s3-us-west-1.amazonaws.com/0/26.webp,Ron
https://airbnbfec.s3-us-west-1.amazonaws.com/1/16.webp,Shelia
https://airbnbfec.s3-us-west-1.amazonaws.com/0/25.webp,Spencer
https://airbnbfec.s3-us-west-1.amazonaws.com/1/31.webp,Mandy
https://airbnbfec.s3-us-west-1.amazonaws.com/0/12.webp,Victor
https://airbnbfec.s3-us-west-1.amazonaws.com/0/4.webp,Allen
https://airbnbfec.s3-us-west-1.amazonaws.com/1/1.webp,Flora
https://airbnbfec.s3-us-west-1.amazonaws.com/1/38.webp,Tamara
https://airbnbfec.s3-us-west-1.amazonaws.com/1/18.webp,Shelly
https://airbnbfec.s3-us-west-1.amazonaws.com/1/34.webp,Darla
https://airbnbfec.s3-us-west-1.amazonaws.com/0/13.webp,Adam
https://airbnbfec.s3-us-west-1.amazonaws.com/0/22.webp,Nicholas
https://airbnbfec.s3-us-west-1.amazonaws.com/0/27.webp,Jerald
https://airbnbfec.s3-us-west-1.amazonaws.com/1/6.webp,Bessie
https://airbnbfec.s3-us-west-1.amazonaws.com/1/6.webp,Jeanette
https://airbnbfec.s3-us-west-1.amazonaws.com/1/18.webp,Elvira
https://airbnbfec.s3-us-west-1.amazonaws.com/1/14.webp,Loretta
https://airbnbfec.s3-us-west-1.amazonaws.com/0/37.webp,Emmett
https://airbnbfec.s3-us-west-1.amazonaws.com/1/5.webp,April
https://airbnbfec.s3-us-west-1.amazonaws.com/1/6.webp,Susie
https://airbnbfec.s3-us-west-1.amazonaws.com/0/17.webp,Benny
https://airbnbfec.s3-us-west-1.amazonaws.com/0/9.webp,Kelly
https://airbnbfec.s3-us-west-1.amazonaws.com/0/30.webp,Larry
https://airbnbfec.s3-us-west-1.amazonaws.com/1/12.webp,Luz
https://airbnbfec.s3-us-west-1.amazonaws.com/1/26.webp,Ginger
https://airbnbfec.s3-us-west-1.amazonaws.com/0/30.webp,Leslie
https://airbnbfec.s3-us-west-1.amazonaws.com/1/26.webp,Faith
https://airbnbfec.s3-us-west-1.amazonaws.com/0/29.webp,Homer
https://airbnbfec.s3-us-west-1.amazonaws.com/0/39.webp,Luther
https://airbnbfec.s3-us-west-1.amazonaws.com/0/28.webp,Alfred
https://airbnbfec.s3-us-west-1.amazonaws.com/0/7.webp,Reginald
https://airbnbfec.s3-us-west-1.amazonaws.com/0/4.webp,Edwin
https://airbnbfec.s3-us-west-1.amazonaws.com/1/31.webp,Mamie
https://airbnbfec.s3-us-west-1.amazonaws.com/0/2.webp,Tracy
https://airbnbfec.s3-us-west-1.amazonaws.com/1/28.webp,Rosemary
https://airbnbfec.s3-us-west-1.amazonaws.com/1/35.webp,Sabrina
https://airbnbfec.s3-us-west-1.amazonaws.com/0/31.webp,Ira
https://airbnbfec.s3-us-west-1.amazonaws.com/1/34.webp,Monica
https://airbnbfec.s3-us-west-1.amazonaws.com/0/40.webp,Timmy
https://airbnbfec.s3-us-west-1.amazonaws.com/1/9.webp,Monica
https://airbnbfec.s3-us-west-1.amazonaws.com/1/16.webp,Diane
https://airbnbfec.s3-us-west-1.amazonaws.com/0/8.webp,Caleb
https://airbnbfec.s3-us-west-1.amazonaws.com/0/21.webp,Gerald
https://airbnbfec.s3-us-west-1.amazonaws.com/0/24.webp,Jordan
https://airbnbfec.s3-us-west-1.amazonaws.com/0/4.webp,Marcus
https://airbnbfec.s3-us-west-1.amazonaws.com/0/14.webp,Pablo
https://airbnbfec.s3-us-west-1.amazonaws.com/1/34.webp,Beverly
https://airbnbfec.s3-us-west-1.amazonaws.com/1/38.webp,Annie
https://airbnbfec.s3-us-west-1.amazonaws.com/1/5.webp,Renee
